video_id,title,description,author,source,embedded
T7Eh7QMDsEs,37. Parteitag der CDU Deutschlands | Wieder nach vorne #cdupt25,#cdu #politikwechsel #wiedernachvorne #merz,CDU,https://www.youtube.com/watch?v=T7Eh7QMDsEs,True
obSGzwD9dUE,37. Parteitag der CDU Deutschlands | Wieder nach vorne #cdupt25,#cdu #politikwechsel #wiedernachvorne #merz,CDU,https://www.youtube.com/watch?v=obSGzwD9dUE,True
DG7lJTIsJRQ,Pressekonferenz mit Friedrich Merz und Carsten Linnemann,#cdu #politikwechsel #wiedernachvorne,CDU,https://www.youtube.com/watch?v=DG7lJTIsJRQ,True
Y-51KgH5JWY,Wieder nach vorne! Am 23. Februar mit beiden Stimmen CDU.,"#cdu #politikwechsel #merz #wiedernachvorne 

Mehr von der CDU
Demokratieunterst√ºtzer: https://www.cdu-deutschlands.de/spenden
Friedrich Merz: https://www.merz.cdu.de/
Jetzt Mitglied werden: https://www.cdu-deutschlands.de/mitglied-werden

 Social Media
‚ñ∫ Instagram:  https://www.instagram.com/cdu/ 
‚ñ∫ Facebook:  https://www.facebook.com/CDU 
‚ñ∫ WhatsApp: https://whatsapp.com/channel/0029VaHl2dj6mYPGKPOnK636 
‚ñ∫ Threads: https://www.threads.net/@cdu 
‚ñ∫ TikTok: https://www.tiktok.com/@insidecdu 
‚ñ∫ X: https://x.com/CDU 
‚ñ∫ LinkedIn: https://de.linkedin.com/company/cdudeutschlands",CDU,https://www.youtube.com/watch?v=Y-51KgH5JWY,True
y2AWJpVY-VI,Wieder nach vorne | Die Wahlkampftour mit Friedrich Merz ‚Äì Neuhof/Fuld | Geb√§rden,"#cdu #politikwechsel #merz #wiedernachvorne 

Mehr von der CDU
Demokratieunterst√ºtzer: https://www.cdu-deutschlands.de/spenden
Friedrich Merz: https://www.merz.cdu.de/
Jetzt Mitglied werden: https://www.cdu-deutschlands.de/mitglied-werden

 Social Media
‚ñ∫ Instagram:  https://www.instagram.com/cdu/ 
‚ñ∫ Facebook:  https://www.facebook.com/CDU 
‚ñ∫ WhatsApp: https://whatsapp.com/channel/0029VaHl2dj6mYPGKPOnK636 
‚ñ∫ Threads: https://www.threads.net/@cdu 
‚ñ∫ TikTok: https://www.tiktok.com/@insidecdu 
‚ñ∫ X: https://x.com/CDU 
‚ñ∫ LinkedIn: https://de.linkedin.com/company/cdudeutschlands",CDU,https://www.youtube.com/watch?v=y2AWJpVY-VI,True
GVmtzkUimFc,Wieder nach vorne | Die Wahlkampftour ‚Äì K√ºnzelsau,#merz #cdu #politikwechsel #wiedernachvorne,CDU,https://www.youtube.com/watch?v=GVmtzkUimFc,True
_D27U2rUcGM,Wieder nach vorne | Die Wahlkampftour mit Friedrich Merz ‚Äì Neuhof/Fulda,"#cdu #politikwechsel #merz #wiedernachvorne 

Mehr von der CDU
Demokratieunterst√ºtzer: https://www.cdu-deutschlands.de/spenden
Friedrich Merz: https://www.merz.cdu.de/
Jetzt Mitglied werden: https://www.cdu-deutschlands.de/mitglied-werden

 Social Media
‚ñ∫ Instagram:  https://www.instagram.com/cdu/ 
‚ñ∫ Facebook:  https://www.facebook.com/CDU 
‚ñ∫ WhatsApp: https://whatsapp.com/channel/0029VaHl2dj6mYPGKPOnK636 
‚ñ∫ Threads: https://www.threads.net/@cdu 
‚ñ∫ TikTok: https://www.tiktok.com/@insidecdu 
‚ñ∫ X: https://x.com/CDU 
‚ñ∫ LinkedIn: https://de.linkedin.com/company/cdudeutschlands",CDU,https://www.youtube.com/watch?v=_D27U2rUcGM,True
qGfX0FPScQw,Die Menschen in Deutschland m√ºssen sich wieder sicher f√ºhlen. #cdu #merz,,CDU,https://www.youtube.com/watch?v=qGfX0FPScQw,True
UbUGELDFaWQ,#merzrede: Au√üenpolitische Grundsatzrede von Friedrich Merz bei der K√∂rber-Stiftung,"Friedrich Merz, Vorsitzender der CDU Deutschlands und Vorsitzender der CDU/CSU-Bundestagsfraktion, wird am Donnerstag, 23. Januar 2025 im Rahmen des K√∂rber Global Leaders Dialogue eine Rede zu den au√üen- und europapolitischen Priorit√§ten f√ºr Deutschland halten.

#merz #cdu #politikwechsel #wiedernachvorne",CDU,https://www.youtube.com/watch?v=UbUGELDFaWQ,True
H8pHhvsaKFs,"Friedrich Merz: ""Wir werden diesen Zustand beenden."" #cdu #politikwechsel #merz",,CDU,https://www.youtube.com/watch?v=H8pHhvsaKFs,True
WrPWFVsGaqE,üöå Gestern ging es f√ºr Friedrich Merz ins Bundesland der gl√ºcklichsten Menschen: Schleswig-Holstein,"#politikwechsel #cdu #wiedernachvorne #merz 

Mehr von der CDU
Demokratieunterst√ºtzer: https://www.cdu-deutschlands.de/spenden
Friedrich Merz: https://www.merz.cdu.de/
Jetzt Mitglied werden: https://www.cdu-deutschlands.de/mitglied-werden

 Social Media
‚ñ∫ Instagram:  https://www.instagram.com/cdu/ 
‚ñ∫ Facebook:  https://www.facebook.com/CDU 
‚ñ∫ WhatsApp: https://whatsapp.com/channel/0029VaHl2dj6mYPGKPOnK636 
‚ñ∫ Threads: https://www.threads.net/@cdu 
‚ñ∫ TikTok: https://www.tiktok.com/@insidecdu 
‚ñ∫ X: https://x.com/CDU 
‚ñ∫ LinkedIn: https://de.linkedin.com/company/cdudeutschlands",CDU,https://www.youtube.com/watch?v=WrPWFVsGaqE,True
UNDHS7d4FtE,Ab jetzt gibt es nur noch eine Richtung: #wiedernachvorne,"Danke, Hannover f√ºr diesen gro√üartigen Start in unsere Wahlkampftour! Wir k√§mpfen f√ºr einen #politikwechsel. F√ºr eine starke CDU. F√ºr Deutschland. F√ºr die B√ºrgerinnen und B√ºrger. 

Mehr von der CDU
Demokratieunterst√ºtzer: https://www.cdu-deutschlands.de/spenden
Friedrich Merz: https://www.merz.cdu.de/
Jetzt Mitglied werden: https://www.cdu-deutschlands.de/mitglied-werden

 Social Media
‚ñ∫ Instagram:  https://www.instagram.com/cdu/ 
‚ñ∫ Facebook:  https://www.facebook.com/CDU 
‚ñ∫ WhatsApp: https://whatsapp.com/channel/0029VaHl2dj6mYPGKPOnK636 
‚ñ∫ Threads: https://www.threads.net/@cdu 
‚ñ∫ TikTok: https://www.tiktok.com/@insidecdu 
‚ñ∫ X: https://x.com/CDU 
‚ñ∫ LinkedIn: https://de.linkedin.com/company/cdudeutschlands",CDU,https://www.youtube.com/watch?v=UNDHS7d4FtE,True
oR17lfza_8g,Aus dem Sauerland kommt eine deutliche Botschaft: Friedrich Merz ist der richtige f√ºr Deutschland!,"#cdu #wiedernachvorne #politikwechsel 

Mehr von der CDU
Demokratieunterst√ºtzer: https://www.cdu-deutschlands.de/spenden
Friedrich Merz: https://www.merz.cdu.de/
Jetzt Mitglied werden: https://www.cdu-deutschlands.de/mitglied-werden

 Social Media
‚ñ∫ Instagram:  https://www.instagram.com/cdu/ 
‚ñ∫ Facebook:  https://www.facebook.com/CDU 
‚ñ∫ WhatsApp: https://whatsapp.com/channel/0029VaHl2dj6mYPGKPOnK636 
‚ñ∫ Threads: https://www.threads.net/@cdu 
‚ñ∫ TikTok: https://www.tiktok.com/@insidecdu 
‚ñ∫ X: https://x.com/CDU 
‚ñ∫ LinkedIn: https://de.linkedin.com/company/cdudeutschlands",CDU,https://www.youtube.com/watch?v=oR17lfza_8g,True
XqneYnEjasM,Wieder nach vorne | Die Wahlkampftour mit Friedrich Merz und Markus S√∂der ‚Äì Brillon | Geb√§rden,"#cdu #politikwechsel #merz #wiedernachvorne 

Mehr von der CDU
Demokratieunterst√ºtzer: https://www.cdu-deutschlands.de/spenden
Friedrich Merz: https://www.merz.cdu.de/
Jetzt Mitglied werden: https://www.cdu-deutschlands.de/mitglied-werden

 Social Media
‚ñ∫ Instagram:  https://www.instagram.com/cdu/ 
‚ñ∫ Facebook:  https://www.facebook.com/CDU 
‚ñ∫ WhatsApp: https://whatsapp.com/channel/0029VaHl2dj6mYPGKPOnK636 
‚ñ∫ Threads: https://www.threads.net/@cdu 
‚ñ∫ TikTok: https://www.tiktok.com/@insidecdu 
‚ñ∫ X: https://x.com/CDU 
‚ñ∫ LinkedIn: https://de.linkedin.com/company/cdudeutschlands",CDU,https://www.youtube.com/watch?v=XqneYnEjasM,True
GkOTmOB9jUU,Wieder nach vorne | Die Wahlkampftour mit Friedrich Merz und Markus S√∂der ‚Äì¬†Brillon,"#cdu #politikwechsel #merz 

Mehr von der CDU
Demokratieunterst√ºtzer: https://www.cdu-deutschlands.de/spenden
Friedrich Merz: https://www.merz.cdu.de/
Jetzt Mitglied werden: https://www.cdu-deutschlands.de/mitglied-werden

 Social Media
‚ñ∫ Instagram:  https://www.instagram.com/cdu/ 
‚ñ∫ Facebook:  https://www.facebook.com/CDU 
‚ñ∫ WhatsApp: https://whatsapp.com/channel/0029VaHl2dj6mYPGKPOnK636 
‚ñ∫ Threads: https://www.threads.net/@cdu 
‚ñ∫ TikTok: https://www.tiktok.com/@insidecdu 
‚ñ∫ X: https://x.com/CDU 
‚ñ∫ LinkedIn: https://de.linkedin.com/company/cdudeutschlands",CDU,https://www.youtube.com/watch?v=GkOTmOB9jUU,True
u8rxqOuiid0,Wieder nach vorne | Die Wahlkampftour ‚Äì Hannover | Geb√§rden,"#cdu #politikwechsel #merz #wiedernachvorne 

Mehr von der CDU
Demokratieunterst√ºtzer: https://www.cdu-deutschlands.de/spenden
Friedrich Merz: https://www.merz.cdu.de/
Jetzt Mitglied werden: https://www.cdu-deutschlands.de/mitglied-werden

 Social Media
‚ñ∫ Instagram:  https://www.instagram.com/cdu/ 
‚ñ∫ Facebook:  https://www.facebook.com/CDU 
‚ñ∫ WhatsApp: https://whatsapp.com/channel/0029VaHl2dj6mYPGKPOnK636 
‚ñ∫ Threads: https://www.threads.net/@cdu 
‚ñ∫ TikTok: https://www.tiktok.com/@insidecdu 
‚ñ∫ X: https://x.com/CDU 
‚ñ∫ LinkedIn: https://de.linkedin.com/company/cdudeutschlands",CDU,https://www.youtube.com/watch?v=u8rxqOuiid0,True
48Tq047r8So,Wieder nach vorne | Die Wahlkampftour ‚Äì Hannover,"#cdu #politikwechsel #wiedernachvorne 

Mehr von der CDU
Demokratieunterst√ºtzer: https://www.cdu-deutschlands.de/spenden
Friedrich Merz: https://www.merz.cdu.de/
Jetzt Mitglied werden: https://www.cdu-deutschlands.de/mitglied-werden

 Social Media
‚ñ∫ Instagram:  https://www.instagram.com/cdu/ 
‚ñ∫ Facebook:  https://www.facebook.com/CDU 
‚ñ∫ WhatsApp: https://whatsapp.com/channel/0029VaHl2dj6mYPGKPOnK636 
‚ñ∫ Threads: https://www.threads.net/@cdu 
‚ñ∫ TikTok: https://www.tiktok.com/@insidecdu 
‚ñ∫ X: https://x.com/CDU 
‚ñ∫ LinkedIn: https://de.linkedin.com/company/cdudeutschlands",CDU,https://www.youtube.com/watch?v=48Tq047r8So,True
W28Nns2o3aM,Pressekonferenz ‚Äì EVP Klausurtagung mit Friedrich Merz | Berlin,#cdu #evp,CDU,https://www.youtube.com/watch?v=W28Nns2o3aM,True
aOR8U4sKbhc,Wieder nach vorne! Am 23. Februar mit beiden Stimmen CDU.,"#cdu #politikwechsel #merz 

Mehr von der CDU
Demokratieunterst√ºtzer: https://www.cdu-deutschlands.de/spenden
Friedrich Merz: https://www.merz.cdu.de/
Jetzt Mitglied werden: https://www.cdu-deutschlands.de/mitglied-werden

 Social Media
‚ñ∫ Instagram:  https://www.instagram.com/cdu/ 
‚ñ∫ Facebook:  https://www.facebook.com/CDU 
‚ñ∫ WhatsApp: https://whatsapp.com/channel/0029VaHl2dj6mYPGKPOnK636 
‚ñ∫ Threads: https://www.threads.net/@cdu 
‚ñ∫ TikTok: https://www.tiktok.com/@insidecdu 
‚ñ∫ X: https://x.com/CDU 
‚ñ∫ LinkedIn: https://de.linkedin.com/company/cdudeutschlands",CDU,https://www.youtube.com/watch?v=aOR8U4sKbhc,True
eFR8qsADv4I,#merzrede: Betriebsr√§tekonferenz der Christlich-Demokratischen Arbeitnehmerschaft Deutschlands (CDA),#cdu #politikwechsel,CDU,https://www.youtube.com/watch?v=eFR8qsADv4I,True
g__HQQ8vV2w,Eins ist klar: Deutschland braucht wieder einen grundlegenden #Politikwechsel.,"#cdu #politikwechsel 

Mehr von der CDU

Demokratieunterst√ºtzer: https://www.cdu-deutschlands.de/spenden
Friedrich Merz: https://www.merz.cdu.de/
Jetzt Mitglied werden: https://www.cdu-deutschlands.de/mitglied-werden

 Social Media
‚ñ∫ Instagram:  https://www.instagram.com/cdu/ 
‚ñ∫ Facebook:  https://www.facebook.com/CDU 
‚ñ∫ WhatsApp: https://whatsapp.com/channel/0029VaHl2dj6mYPGKPOnK636 
‚ñ∫ Threads: https://www.threads.net/@cdu 
‚ñ∫ TikTok: https://www.tiktok.com/@insidecdu 
‚ñ∫ X: https://x.com/CDU 
‚ñ∫ LinkedIn: https://de.linkedin.com/company/cdudeutschlands",CDU,https://www.youtube.com/watch?v=g__HQQ8vV2w,True
TBcYbZPoYIk,Friedrich Merz und Carsten Linnemann zu den Ergebnissen der Klausurtagung des CDU-Bundesvorstands.,"#cdu #politikwechsel

Mehr von der CDU
Demokratieunterst√ºtzer: https://www.cdu-deutschlands.de/spenden
Friedrich Merz: https://www.merz.cdu.de/
Jetzt Mitglied werden: https://www.cdu-deutschlands.de/mitglied-werden

 Social Media
‚ñ∫ Instagram:  https://www.instagram.com/cdu/ 
‚ñ∫ Facebook:  https://www.facebook.com/CDU 
‚ñ∫ WhatsApp: https://whatsapp.com/channel/0029VaHl2dj6mYPGKPOnK636 
‚ñ∫ Threads: https://www.threads.net/@cdu 
‚ñ∫ TikTok: https://www.tiktok.com/@insidecdu 
‚ñ∫ X: https://x.com/CDU 
‚ñ∫ LinkedIn: https://de.linkedin.com/company/cdudeutschlands",CDU,https://www.youtube.com/watch?v=TBcYbZPoYIk,True
4ddAOJQ0EZE,üî¥ Pressestatement von Carsten Linnemann zum Auftakt der Klausurtagung des CDU-Bundesvorstandes.,#cdu #politikwechsel,CDU,https://www.youtube.com/watch?v=4ddAOJQ0EZE,True
VRqKgxG62Zk,"üî¥ LIVE: Gemeinsames Statement von Friedrich Merz, Markus S√∂der und Alexander Dobrindt in #SEEON","Mehr von der CDU
Demokratieunterst√ºtzer: https://www.cdu-deutschlands.de/spenden
Friedrich Merz: https://www.merz.cdu.de/
Jetzt Mitglied werden: https://www.cdu-deutschlands.de/mitglied-werden

 Social Media
‚ñ∫ Instagram:  https://www.instagram.com/cdu/ 
‚ñ∫ Facebook:  https://www.facebook.com/CDU 
‚ñ∫ WhatsApp: https://whatsapp.com/channel/0029VaHl2dj6mYPGKPOnK636 
‚ñ∫ Threads: https://www.threads.net/@cdu 
‚ñ∫ TikTok: https://www.tiktok.com/@insidecdu 
‚ñ∫ X: https://x.com/CDU 
‚ñ∫ LinkedIn: https://de.linkedin.com/company/cdudeutschlands 

#politikwechsel",CDU,https://www.youtube.com/watch?v=VRqKgxG62Zk,True
lcfNOJ5TV3g,Politikwechsel f√ºr Deutschland ‚Äì¬†Wahlprogramm der CDU und CSU | Pressekonferenz,#politikwechsel #cdu #merz #csu #s√∂der #union #wiedernachvorne,CDU,https://www.youtube.com/watch?v=lcfNOJ5TV3g,True
LsmjInkefvQ,Einfach mal machen ‚Äì Spezial mit Markus S√∂der und Friedrich Merz,"Woran ist die Ampel gescheitert? Wie bringt man Deutschland wieder nach vorne? Und welche Antworten auf die Herausforderungen unserer Zeit bieten CDU und CSU? Dar√ºber spricht CDU-Generalsekret√§r Carsten Linnemann mit zwei echten Gr√∂√üen der Politik: CSU-Chef Markus S√∂der und CDU-Chef Friedrich Merz.
 
‚ÄûEs war in der Tat ein Tag der Erleichterung‚Äú, bekennt Merz mit Blick auf das Misstrauensvotum gegen den Bundeskanzler. Seit sechs Wochen ist klar: Die Regierung hat keine Mehrheit mehr. Aber erst jetzt wurde der Weg zu Neuwahlen freigemacht. Handlungsunf√§higkeit aber gef√§hrdet die Demokratie, stellt S√∂der fest. S√∂der und Merz stellen klar: Deutschland braucht jetzt einen Politikwechsel. Es braucht eine starke Union. Damit es wieder eine starke Bundesregierung gibt.
#cdu #csu #politikwechsel #wiedernachvorne",CDU,https://www.youtube.com/watch?v=LsmjInkefvQ,True
H3bqtMu2FRM,üî¥ Live: #MerzRede bei der CDU NRW zur Aufstellung der Landesliste f√ºr die Bundestagswahl 2025,#merz,CDU,https://www.youtube.com/watch?v=H3bqtMu2FRM,True
xmzg6-2OjAE,Friedrich Merz bei Joko&Klaas: F√ºr eine starke politische Mitte! #PolitikUndAnstand,#cdu #politikwechsel #wiedernachvorne #JKLive,CDU,https://www.youtube.com/watch?v=xmzg6-2OjAE,True
yOxxeYaDIsw,"‚ÄûDie beiden Gegentreffer gegen Costa Rica sind auf meine Kappe gegangen...""","Ich habe die Fehler gemacht. Statt in Selbstmitleid zu fallen, habe ich dazu gestanden. Um es im n√§chsten Spiel besser zu machen.‚Äú 
#cdu #einfachmalmachen 

Die ganze Folge: https://youtu.be/dRMBknqn9-Q",CDU,https://www.youtube.com/watch?v=yOxxeYaDIsw,True
dRMBknqn9-Q,Einfach mal machen - Folge #20 mit Arne Friedrich und Tijen Onaran,"‚ÄûWarum tut sich Olaf Scholz mit F√ºhrung in unsicheren Zeiten so schwer? Brauchen wir alle in Deutschland mehr Mut, mehr Selbstvertrauen?‚Äú Und: Kann ein verpflichtendes Gesellschaftsjahr dazu beitragen? Diese Fragen stellt CDU-Generalsekret√§r Carsten Linnemann in den Mittelpunkt seines aktuellen Podcasts. G√§ste der 20. Folge: Arne Friedrich, eh. Fu√üballprofi und Nationalspieler, Sportdirektor bei Hertha BSC, mit einer eigenen Kinderstiftung. Und Tijen Onaran, Unternehmerin, Investorin, Bestseller-Autorin, Lesebotschafterin.
F√ºr Arne Friedrich ist F√ºhrung im t√§glichen Leben eine Aufgabe f√ºr jede und jeden von uns: ‚ÄûWir alle haben auch die Verantwortung zu f√ºhren‚Äú, sagt er. Ob beim Sport, in der Familie oder in der Politik. Man kann Vorbilder haben, sagt er. Doch wichtig beim F√ºhren ist nicht, andere nachzumachen, sondern die anderen im Blick zu haben. Es braucht auch eine andere Fehlerkultur, als sie in der Ampel √ºber drei Jahre gelebt wurde, stellt Tijen Onaran fest: ‚ÄûDas Scheitern dieser Ampelkoalition h√§ngt mit der F√ºhrungsschw√§che des Kanzlers zusammen. F√ºr mich ist ein mutiger F√ºhrungsstil ein Stil der Klarheit: Lieber ein ehrliches ‚ÄöNein‚Äò als ein unehrliches ‚ÄöWenn‚Äò.‚Äú
Und was kann ein Gesellschaftsjahr zu mehr Miteinander, Mut und F√ºhrung beitragen? Onaran sieht darin Chancen: Wir m√ºssen wieder zu einem Zusammenhalt in der Gesellschaft kommen, sagt sie. ‚ÄûWeg von der Sprachlosigkeit, Hin zu einem echt gro√üen Aufschlag. Hin zu Mut, zu machen, zu vorangehen. Und dann sind wir wieder ein starkes Land.‚Äú

Mehr von der CDU
Demokratieunterst√ºtzer: https://www.cdu-deutschlands.de/spenden
Friedrich Merz: https://www.merz.cdu.de/
Jetzt Mitglied werden: https://www.cdu-deutschlands.de/mitglied-werden

 Social Media
‚ñ∫ Instagram:  https://www.instagram.com/cdu/ 
‚ñ∫ Facebook:  https://www.facebook.com/CDU 
‚ñ∫ WhatsApp: https://whatsapp.com/channel/0029VaHl2dj6mYPGKPOnK636 
‚ñ∫ Threads: https://www.threads.net/@cdu 
‚ñ∫ TikTok: https://www.tiktok.com/@insidecdu 
‚ñ∫ X: https://x.com/CDU 
‚ñ∫ LinkedIn: https://de.linkedin.com/company/cdudeutschlands 


 @CDU  #cdu #einfachmalmachen",CDU,https://www.youtube.com/watch?v=dRMBknqn9-Q,True
NHXs9u5Hnas,Deutschland #wiedernachvorne,"Wir wollen eine stabile und handlungsf√§hige Regierung bilden. Unter der F√ºhrung von Friedrich Merz werden wir den dringend notwendigen Politikwechsel einleiten, der Deutschland #wiedernachvorne bringt.",CDU,https://www.youtube.com/watch?v=NHXs9u5Hnas,True
WvdBDzhOx3c,Einfach mal machen - Folge #19 mit Ralf Moeller und Dr. Annika von Mutius,"K√ºnstliche Intelligenz trifft Handwerk! Wie das funktionieren kann, zeigen der deutsche Schauspieler Ralf Moeller und die Gr√ºnderin Dr. Annika von Mutius. Auf den ersten Blick: Ein ungleiches Duo. Auf den zweiten Blick: Ein spannender Austausch, der zeigt, dass beide auch mit Host Carsten Linnemann etwas gemeinsam haben. Eigenverantwortung √ºbernehmen und einfach mal machen!  

Ralf Moeller d√ºrfte einigen noch aus dem Film ‚ÄûGladiator‚Äú an der Seite von Russell Crowe bekannt sein. 1986 war er Mr. Universum. Doch hinter der Fassade steckt mehr: Seit Jahren setzt er sich leidenschaftlich daf√ºr ein, dass der Handwerksberuf mehr Wertsch√§tzung erlangt. Au√üerdem verr√§t der Deutsche mit amerikanischem Pass, ob Arnold Schwarzenegger oder er beim Arm dr√ºcken gewinnt. 

Dr. Annika Mutius hat bewiesen, dass sie Start-Up kann. Vier Jahre lang war sie in der Gr√ºnderszene im Silicon Valley, bevor es sie zur√ºck nach Deutschland lockte. Sie sagt: ‚ÄûIch bin total gerne Europ√§erin.‚Äú In Berlin hat sie ein Start-Up gegr√ºndet, dass beim Recruiting-Prozess K√ºnstliche Intelligenz einsetzt. Ihr Ansatz: K√ºnstliche Intelligenz muss nicht perfekt sein, sondern man muss einfach loslegen! Einstellung hat ihr die Auszeichnungen ‚ÄûForbes 30 under 30‚Äú und ‚ÄûCapital 40 under 40‚Äú eingebracht.  

www.cdu.de
#cdu #einfachmalmachen",CDU,https://www.youtube.com/watch?v=WvdBDzhOx3c,True
VkHZG8ald-Q,"""Ich will Ihnen einfach zurufen: Bleiben Sie zuversichtlich, auch wenn es schwierige Zeiten sind.""",Wir bereiten uns intensiv auf die √úbernahme der Regierungsverantwortung vor. Damit wir wieder sagen k√∂nnen: Wir sind stolz auf Deutschland. #cdu #merz @FriedrichMerzCDU,CDU,https://www.youtube.com/watch?v=VkHZG8ald-Q,True
qw7DiIKAuP8,üé• Recap zu unserem Werkstattgespr√§ch ‚ÄûWehrpflicht und Gesellschaftsjahr‚Äú!,"üóØÔ∏è Unser Kanzlerkandidat @merzcdu und @philipp.amthor fassen die wichtigsten Erkenntnisse aus der Veranstaltung zusammen.
 
Mehr Informationen zu den Themen #Wehrpflicht und #Gesellschaftsjahr findet ihr hier: https://www.cdu.de/artikel/kommt-eine-neue-wehrpflicht",CDU,https://www.youtube.com/watch?v=qw7DiIKAuP8,True
kMfAg5qIZX4,"Eine Union. Bereit f√ºr Verantwortung. F√ºr ein Deutschland, auf das wir wieder stolz sein k√∂nnen.",#cdu #merz #shorts @FriedrichMerzCDU,CDU,https://www.youtube.com/watch?v=kMfAg5qIZX4,True
_rbf2dAYcrE,Wehrpflicht und Gesellschaftsjahr | Sicherheit und Zusammenhalt,"Nationale Sicherheit und gesellschaftlicher Zusammenhalt sind in den letzten Jahren zunehmend in Frage gestellt worden. Vor diesem Hintergrund spricht sich die CDU Deutschlands f√ºr die Einf√ºhrung einer Kontingentwehrpflicht und ein verpflichtendes Gesellschaftsjahr aus.

Eine Kontingentwehrpflicht ‚Äì zum Beispiel nach Vorbild der nordischen Staaten ‚Äì er√∂ffnet der Bundeswehr neue Optionen, Rekruten zu gewinnen und eine starke Reserve zu errichten. Das Gesellschaftsjahr schafft die M√∂glichkeit, dass sich junge Menschen in zentralen gesellschaftlichen Bereichen engagieren, so zu einem st√§rkeren Miteinander beitragen und zugleich wertvolle Erfahrungen sammeln.

Beide Konzepte stehen in einem engen Zusammenhang, erfordern umfassende Umsetzungsma√ünahmen und bed√ºrfen daher eingehender Vorbereitung. Daher wollen wir beide Themen mit Ihnen er√∂rtern. Aufbauend auf einem Impuls des Vorsitzenden der CDU Deutschlands, Friedrich Merz MdB, beleuchten Panels mit Vertretern aus Politik, Milit√§r, Wissenschaft, Katastrophenschutz und sozialen Organisationen ein breites Fragenspektrum ‚Äì von Personalbedarf und Auswahlkriterien f√ºr die Bundeswehr bis zu rechtlichen Voraussetzungen und organisatorischen Rahmenbedingungen f√ºr ein verpflichtendes Gesellschaftsjahr.
#cdu",CDU,https://www.youtube.com/watch?v=_rbf2dAYcrE,True
AVr330YVS28,Wehrpflicht und Gesellschaftsjahr | Sicherheit und Zusammenhalt ‚Äì Geb√§rden,"Nationale Sicherheit und gesellschaftlicher Zusammenhalt sind in den letzten Jahren zunehmend in Frage gestellt worden. Vor diesem Hintergrund spricht sich die CDU Deutschlands f√ºr die Einf√ºhrung einer Kontingentwehrpflicht und ein verpflichtendes Gesellschaftsjahr aus.

Eine Kontingentwehrpflicht ‚Äì zum Beispiel nach Vorbild der nordischen Staaten ‚Äì er√∂ffnet der Bundeswehr neue Optionen, Rekruten zu gewinnen und eine starke Reserve zu errichten. Das Gesellschaftsjahr schafft die M√∂glichkeit, dass sich junge Menschen in zentralen gesellschaftlichen Bereichen engagieren, so zu einem st√§rkeren Miteinander beitragen und zugleich wertvolle Erfahrungen sammeln.

Beide Konzepte stehen in einem engen Zusammenhang, erfordern umfassende Umsetzungsma√ünahmen und bed√ºrfen daher eingehender Vorbereitung. Daher wollen wir beide Themen mit Ihnen er√∂rtern. Aufbauend auf einem Impuls des Vorsitzenden der CDU Deutschlands, Friedrich Merz MdB, beleuchten Panels mit Vertretern aus Politik, Milit√§r, Wissenschaft, Katastrophenschutz und sozialen Organisationen ein breites Fragenspektrum ‚Äì von Personalbedarf und Auswahlkriterien f√ºr die Bundeswehr bis zu rechtlichen Voraussetzungen und organisatorischen Rahmenbedingungen f√ºr ein verpflichtendes Gesellschaftsjahr.
#cdu",CDU,https://www.youtube.com/watch?v=AVr330YVS28,True
b-PTFT2cSwY,Friedrich Merz zum Ende der Ampel-Koalition #cdu #merz,"‚ÄûWir sind fest entschlossen, nicht nur Verantwortung zu √ºbernehmen, sondern dieses Land besser zu regieren, dieses Land nach vorn zu bringen. Dabei brauchen wir Ihre Hilfe.‚Äú  @FriedrichMerzCDU",CDU,https://www.youtube.com/watch?v=b-PTFT2cSwY,True
