,video_id,title,description,author,source,embedded,creation_date,transcript
0,3mZQ9FntyYc,Kreislauf Wirtschaft wie in Amsterdam Europareise Tag#06 Amsterdam,"Next Stop: Amsterdam! ğŸ‡³ğŸ‡±ğŸ’œ  
Wusstest du, dass es in Amsterdam einen Stadtteil gibt, der die Zukunft des nachhaltigen Lebens vormacht? Willkommen in Buiksloterham, dem â€Viertel der Zukunftâ€œ! Hier wird nicht nur an innovativen Wohnkonzepten gearbeitet, sondern auch an einer neuen Wirtschaftsweise, die wir als â€Donut-Ã–konomieâ€œ kennen. ğŸ’œ  
In einem inspirierenden Interview mit Marieke van Doornick, der ehemaligen stellvertretenden BÃ¼rgermeisterin von Amsterdam, haben wir erfahren, wie dieses Modell nicht nur die Umwelt schÃ¼tzt, sondern auch soziale Gerechtigkeit fÃ¶rdert. ğŸŒ±âœ¨  

Ein besonders bemerkenswerter Aspekt in Buiksloterham ist, dass die HÃ¤user zu 100 % recycelt werden kÃ¶nnen. Zudem wird grÃ¼ne MobilitÃ¤t gefÃ¶rdert, um umweltfreundliche Fortbewegungsalternativen zu schaffen. Marieke ist der Meinung, dass die Zivilgesellschaft unbedingt einbezogen werden sollte, denn sie ist das Herz der BevÃ¶lkerung und spielt eine entscheidende Rolle in der Entwicklung nachhaltiger LÃ¶sungen.  

Das Besondere am Zentrum â€Schoonschipâ€œ ist, dass es aus den Ideen und Visionen der Bewohner*innen entstand. Hier wird ein Raum geschaffen, in dem die Gemeinschaft aktiv an der Gestaltung ihrer Umgebung mitwirken kann. Das Modell der Donut-Ã–konomie stellt die BedÃ¼rfnisse der Menschen und des Planeten in den Mittelpunkt. Sie beschreibt einen sicheren und gerechten Raum fÃ¼r die Menschheit, der innerhalb Ã¶kologischer Grenzen liegt. Das bedeutet, dass wir das wirtschaftliche Wachstum neu denken mÃ¼ssen â€“ nicht nur im Hinblick auf den Profit, sondern auch in Bezug auf die sozialen und Ã¶kologischen Auswirkungen. ğŸ«¶  

In Buiksloterham wird dieses Konzept auf beeindruckende Weise umgesetzt. Der Stadtteil fÃ¶rdert nachhaltige Bauprojekte, alternative MobilitÃ¤tskonzepte und lokale WirtschaftskreislÃ¤ufe. Hier leben die Menschen im Einklang mit der Natur und gestalten eine Gesellschaft, die auf Zusammenarbeit und Verantwortung basiert. ğŸ’œâœ¨  

Lasst uns gemeinsam von diesem Vorbild lernen und die Ideen in unseren Alltag integrieren. Denn eine nachhaltige Zukunft ist mÃ¶glich â€“ und sie beginnt direkt vor unserer TÃ¼r! ğŸš€ğŸŒ±âœ¨  
#VoltDeutschland #MARAL #wirholenunsdiezukunftzurÃ¼ck #Bundestagswahl #Bundestagswahl2025 #BTW25 #EuropaTour

Erfahre mehr unter: https://voltdeutschland.org/
UnterstÃ¼tze unsere Bewegung: https://voltdeutschland.org/spenden
Mach mit: https://voltdeutschland.org/mitmachen-gegen-rechts

Volt Deutschland // Volt Europa
Holen wir uns die Zukunft zurÃ¼ck!
#VoltDeutschland #MARAL #BTW25 #WiroholenunsdieZukunftzurÃ¼ck
#Bundestagswahl #Bundestagswahl2025 

Folg uns auf den Socials:
Instagram: https://www.instagram.com/VoltDeutschland
TikTok: https://www.tiktok.com/@voltdeutschland
Facebook: https://www.facebook.com/VoltDeutschland
X (Twitter): https://twitter.com/VoltDeutschland
LinkedIn: https://www.linkedin.com/company/volt-deutschland",Volt Deutschland,https://www.youtube.com/watch?v=3mZQ9FntyYc,True,2025-01-28T11:56:40Z,wusstet ihr dass es in Amsterdam ein Stadtteil gibt der die Zukunft des nachhaltigen Lebens vormacht wir haben einmal einen groÃŸen Sprung durch Europa gemacht von Warschau nach Amsterdam hallo aus Amsterdam von Tag 6 unserer Europareise auf der wir fÃ¼r euch die besten Best Practices aus ganz Europa mit nach Deutschland bringen dass ihr sie dann am 23 februar in den Bundestag wÃ¤hlen kÃ¶nnt willkommen in Brick lootterham dem grÃ¼nen Herzen der Kreislaufwirtschaft hier werden HÃ¤user so gebaut dass sie spÃ¤ter komplett recycl werden kÃ¶nnen hier gibt's keine Verschwendung und auch die MobilitÃ¤t ist 100% nachhaltig fahrradfreundlich Carsharing und Ladestation Ã¼berall wir haben hier die ehemalige stellvertretende BÃ¼rgermeisterin von Amsterdam getroffen sie hat das donutmodell eingefÃ¼hrt und angestoÃŸen eine soziale Kreislaufwirtschaft zu gestalten so ist in Amsterdam das Viertel der Zukunft entstanden ess howolveiv this process I think if you want to involve Civ Society actually civil society is the heart of the change because it's where people actually change their neighborhoods or change their own living area is where the city can support them in doing so so it's making sure that people can actually work according to circular philosophy principles as C we learn people doing that it's civil society or businesses make the rules that it's more normal to use US materials and to rebuild and to renew and to repair than it is to buy something new i think the government has to facilitate and make it easier for people to do it what special about sch could other cities also adapt what is special about it well the very special thing about sch is an idea of inhabit of Amsterdam who really want to completely sustainable and circular neighborh are pion allely circular and sustainable area and what do you need they had to find a bank that would give a mortgage they found out everything themselves and we as a city could support them a little bit and now we can say this is what we learned from them and this is how other people can learn from us together what we did as a city what we did good but also what we did wrongting them and then if others can do it to die Menschen hier gestalten das Stadtviertel alle aktiv mit durch Coworking coousing und jede Menge kreative AktivitÃ¤ten lterham zeigt uns nachhaltiges Leben ist nicht nur mÃ¶glich sondern unglaublich lebenswert was denkst du ist das die Stadt der Zukunft was WT als paneuropÃ¤ische Partei ausmacht ist dass wir in fast allen europÃ¤ischen LÃ¤ndern aktiv sind in den Niederlanden sitzt WT mit sogar zwei Abgeordneten im nationalen Parlament und auch im Amsterdam Stadtrat am Abend haben wir dann also ganz klassisch fanuropÃ¤isch mit Juliet und Laurenz zwei unserer Abgeordneten den Tag ausklingen lassen und von dort ging es fÃ¼r uns dann nach Paris weiter
1,IKhNumcFke0,NÃ¤chster Stopp: Warschau! ğŸ’œğŸ‡µğŸ‡±  Europareise Tag#05 Warschau,"So funktioniert Demokratie: wenn BÃ¼rger*innen wirklich mitentscheiden. In Warschau ğŸ‡µğŸ‡± erleben wir, wie BÃ¼rger*innen sogar den Haushalt ihrer Stadt aktiv gestalten. So entstehen wunderbare LÃ¶sungen wie die Eisbahn im BrÃ³dnowski Park. ğŸš‚ 
Direkte Mitbestimmung bringt echte Ergebnisse. Mit Volt bringen wir diese Art der LÃ¶sungen in den Bundestag, denn: Demokratie ist stÃ¤rker, wenn alle mitentscheiden! ğŸ’œ

ğŸ¥ Rebecca RÃ¼tten

Erfahre mehr unter: https://voltdeutschland.org/
UnterstÃ¼tze unsere Bewegung: https://voltdeutschland.org/spenden
Mach mit: https://voltdeutschland.org/mitmachen-gegen-rechts

Volt Deutschland // Volt Europa
Holen wir uns die Zukunft zurÃ¼ck!
#VoltDeutschland #MARAL #BTW25 #WiroholenunsdieZukunftzurÃ¼ck
#Bundestagswahl #Bundestagswahl2025 

Folg uns auf den Socials:
Instagram: https://www.instagram.com/VoltDeutschland
TikTok: https://www.tiktok.com/@voltdeutschland
Facebook: https://www.facebook.com/VoltDeutschland
X (Twitter): https://twitter.com/VoltDeutschland
LinkedIn: https://www.linkedin.com/company/volt-deutschland",Volt Deutschland,https://www.youtube.com/watch?v=IKhNumcFke0,True,2025-01-23T16:01:29Z,stell dir vor du kannst darÃ¼ber entscheiden wofÃ¼r die Stadt ihr Geld ausgibt mit dem bÃ¼rgerinnenhaushalt hier in Warschau ist das mÃ¶glich herzlich willkommen bei Tag 5 unserer Europareise bei der wir euch die besten LÃ¶sung aus Europa nach Deutschland [Musik] bringen heute sind wir in Warschau angekommen dieses spannende Projekt wollten wir euch unbedingt noch jedes Jahr stellt die Stadt Warschau ein Budget zur VerfÃ¼gung Ã¼ber das dann die BÃ¼rgerinnen und BÃ¼rger entscheiden kÃ¶nnen wie das Geld eingesetzt werden soll ein richtig tolles Beispiel dafÃ¼r ist der brudnowski Park dank der Beteiligung der BÃ¼rgerinnen gibt es jetzt hier so tolle Sachen wie Sportanlagen SpielplÃ¤tze oder auch eine eiskunstlaufanlage das Beste ist es gibt nicht nur diesen Park mit dem bÃ¼rgerinnenhaushalt wurden in ganz Warschau schon Veranstaltungen geplant Fahrradwege gebaut oder Schulen modernisiert was ist deine Idee was wÃ¼rdest du in deiner Stadt finanzieren wollen
2,qjq_BEMK7tE,Tallinn ist das digitale Herz Europas! Europareise Tag #05,"Tallinn ist das digitale Herz Europas! ğŸ’œ ğŸ‡ªğŸ‡ª
Mit innovativen Projekten und einer Vorreiterinnenrolle in der Digitalisierung begeistert die estnische Hauptstadt. Maral ist vor Ort, um diese spannenden AnsÃ¤tze und LÃ¶sungen beim Projekt e-Estonia hautnah zu entdecken â€“ und sie fÃ¼r den Bundestag mitzunehmen. ğŸ‡©ğŸ‡ª
Estland hat sich als globale Vorreiterin im Bereich der digitalen Verwaltung etabliert ğŸŒ. Hier sind BehÃ¶rdengÃ¤nge fast vollstÃ¤ndig digitalisiert, und BÃ¼rger:innen kÃ¶nnen Verwaltungsdienste 24/7 bequem online nutzen. Kein Papier, keine Wartezeiten â€“ stattdessen mehr Effizienz und Zeit fÃ¼r das Wesentliche! â³ğŸŒŸDieser Meinung ist auch Petra Holm, Spezialistin fÃ¼r Digitale Transformation bei e-Estonia.
Doch so beeindruckend die Digitalisierung in Estland ist, stellt sich die Frage: Kann dieses Modell auch auf grÃ¶ÃŸere LÃ¤nder wie Deutschland Ã¼bertragen werden? ğŸ¤” Kritiker*innen sagen, die Struktur eines Landes wie Deutschland sei zu komplex. Doch unsere estnischen Expert*innen und wir bei Volt sind Ã¼berzeugt: Mit kluger Planung und innovativen Technologien sind auch hier Fortschritte mÃ¶glich! ğŸš€
Wir wissen auch: Nicht alle Menschen sind digital unterwegs â€“ und das muss respektiert werden. Es ist essentiell, dass bestehende bÃ¼rokratische Strukturen zugÃ¤nglich bleiben, wÃ¤hrend digitale Alternativen den Alltag vereinfachen. ğŸ¤
Estland zeigt uns, wie eine moderne Verwaltung aussehen kann â€“ schnell, effizient und bÃ¼rger*innenfreundlich. Diese Inspiration mÃ¶chten wir mit Volt nach Deutschland bringen. Mit Maral im Bundestag arbeiten wir an einer digitalen Verwaltung, die alle mitnimmt und das Leben einfacher macht! ğŸ’œ

Erfahre mehr unter: https://voltdeutschland.org/
UnterstÃ¼tze unsere Bewegung: https://voltdeutschland.org/spenden
Mach mit: https://voltdeutschland.org/mitmachen-gegen-rechts

Volt Deutschland // Volt Europa
Holen wir uns die Zukunft zurÃ¼ck!
#VoltDeutschland #MARAL #BTW25 #WiroholenunsdieZukunftzurÃ¼ck
#Bundestagswahl #Bundestagswahl2025 

Folg uns auf den Socials:
Instagram: https://www.instagram.com/VoltDeutschland
TikTok: https://www.tiktok.com/@voltdeutschland
Facebook: https://www.facebook.com/VoltDeutschland
X (Twitter): https://twitter.com/VoltDeutschland
LinkedIn: https://www.linkedin.com/company/volt-deutschland",Volt Deutschland,https://www.youtube.com/watch?v=qjq_BEMK7tE,True,2025-01-21T13:12:26Z,hier in Estland ist einfach alles digital egal ob BehÃ¶rdengÃ¤nge Wahlen und sogar die Scheidung kann man digital beantragen und wir in Deutschland na ja wir kÃ¶nnen uns noch einiges davon abschauen Digitalisierung wie in Estland hallo aus talien von Tag 5 unserer Europareise und das Best Practice schauen wir uns jetzt gemeinsam an oh was S das denn fÃ¼r Kuben das ich glaube das sind coworkings [Musik] wir sind hier im HerzstÃ¼ck der Digitalisierung im eestonia Center und hier funktioniert alles 100% digital alle BehÃ¶rdengÃ¤nge von der Wahl bis hin zur Steuer a brief history introduction regpendence we got a chance soots of challenges limited resources absolutely broken state corrupt un you do scratch we we have aeved aate thank you for the introduction what would you say are the top three things that we would have to look into in Germany that are the most important things we have always priorized digitalization since that decision was made we Stut leer leadership makecision the skeptics we feel that it is unfair to discriminate against the 80% who could benefit from the digitalization and to focus on the 20 who have their concerns they will probably get on board with time but even if they don't you canater to the people who are unwiing or unable to use digital services by simply providing them traditional bureaucratic services if they like them so much once youve overcome all of the hurdles and you have gone through the mind shift that is required to go digital you need a way to be able to identify the people who are trying to use the services and it has to be one unique digital identifier Estonia has benefited greatly from the funds that were allocated because we are a Member of the European Union we chose to spend them on digitalization but we absolutely appreciate the importance of Estland zeigt uns nicht nur was technologisch mÃ¶glich ist es zeigt uns auch dass die richtigen Menschen braucht um solche LÃ¶sungen umzusetzen Ã¼ber 400 deutsche Delegationen haben sich die Digitalisierungen in Estland schon angeschaut geholfen hat in Deutschland leider bisher nicht so viel aber warum klappt Digitalisierung in Estland so gut der SchlÃ¼ssel ist Vertrauen hier wissen die Menschen ihre Daten sind sicher und der Staat nutzt sie nur um ihr Leben einfacher zu machen dadurch wurde auch die Demokratie gestÃ¤rkt und die Korruption besiegt Estland fasziniert mich nicht nur wegen der Technologie sondern weil sie auch umgesetzt wird und genau das brauchen wir jetzt auch in Deutschland Mut und die richtigen Menschen die anpacken was denkt ihr was wÃ¼rdet ihr gerne direkt digitalisieren
3,rvjMCyZX9mU,Wahlwerbespot zur Hamburgischen BÃ¼rgerschaftswahl,"Unser Wahlwerbespot zur Hamburgischen BÃ¼rgerschaftswahl mit unseren Spitzenkandidierenden Britta und Patrick. 


Erfahre mehr unter: https://voltdeutschland.org/
UnterstÃ¼tze unsere Bewegung: https://voltdeutschland.org/spenden
Mach mit: https://voltdeutschland.org/mitmachen-gegen-rechts

Volt Deutschland // Volt Europa
Holen wir uns die Zukunft zurÃ¼ck!
#VoltDeutschland #MARAL #BTW25 #WiroholenunsdieZukunftzurÃ¼ck
#Bundestagswahl #Bundestagswahl2025 

Folg uns auf den Socials:
Instagram: https://www.instagram.com/VoltDeutschland
TikTok: https://www.tiktok.com/@voltdeutschland
Facebook: https://www.facebook.com/VoltDeutschland
X (Twitter): https://twitter.com/VoltDeutschland
LinkedIn: https://www.linkedin.com/company/volt-deutschland",Volt Deutschland,https://www.youtube.com/watch?v=rvjMCyZX9mU,True,2025-01-17T15:06:59Z,
4,-x3uUcuvNck,Wie hat Helsinki die Wohnungslosigkeit gelÃ¶st? Europareise Tag #03,"Maral hat sich heute den Housing-First-Ansatz in Finnland genauer angeschaut - ein inspirierendes Modell! ğŸ’œ ğŸ‡«ğŸ‡®  Finnland hat einen einzigartigen Weg, um mit Wohnungslosigkeit umzugehen. Hier wird Wohnraum als Menschenrecht betrachtet - mit Menschlichkeit und Gemeinschaft im Fokus ğŸ¤ Der Housing-First-Ansatz geht Ã¼ber die LÃ¶sung von Obdachlosigkeit hinaus: Er gibt Menschen ein GefÃ¼hl von Sicherheit und ZugehÃ¶rigkeit. ğŸ ğŸ«‚
Besonders beeindruckend ist die Rolle der Mitarbeiter*innen, die nicht nur betreuen, sondern auch UnterstÃ¼tzer*innen sind. Auch die Nachbarschaft wird einbezogen: Anwohner*innen werden ermutigt, sich gegenseitig zu helfen. Das stÃ¤rkt Gleichheit und Respekt.ğŸ’œğŸ‘¥
Die Menschen kÃ¶nnen so lange bleiben, wie sie mÃ¶chten, was Sicherheit und StabilitÃ¤t schafft.ğŸ¡
Ein weiterer Vorteil: Housing First ist kosteneffektiv! Helsinki spart 15.000 Euro im Jahr pro Person, da weniger NotunterkÃ¼nfte und medizinische Versorgung benÃ¶tigt werden.ğŸ’°ğŸ“‰
Dieses Modell zeigt, wie ein menschlicher Ansatz in der Wohnungspolitik das Leben Einzelner verbessert und die Gesellschaft als Ganzes stÃ¤rkt. ğŸ’œğŸŒ
Was meinst du: Kann dieser Ansatz auch in Deutschland funktionieren? Gemeinsam kÃ¶nnen wir diese Idee in den Bundestag bringen! âœ¨
ğŸ¥@becky.ruetten

#VoltDeutschland #MARAL #btw25
#wirholenunsdiezukunftzurÃ¼ck #voltdeutschland
#Bundestagswahl #Bundestagswahl2025 #BTW25 #Maral
Erfahre mehr unter: https://voltdeutschland.org/
UnterstÃ¼tze unsere Bewegung: https://voltdeutschland.org/spenden
Mach mit: https://voltdeutschland.org/mitmachen-gegen-rechts

Volt Deutschland // Volt Europa
Holen wir uns die Zukunft zurÃ¼ck!
#VoltDeutschland #MARAL #BTW25 #WiroholenunsdieZukunftzurÃ¼ck
#Bundestagswahl #Bundestagswahl2025 

Folg uns auf den Socials:
Instagram: https://www.instagram.com/VoltDeutschland
TikTok: https://www.tiktok.com/@voltdeutschland
Facebook: https://www.facebook.com/VoltDeutschland
X (Twitter): https://twitter.com/VoltDeutschland
LinkedIn: https://www.linkedin.com/company/volt-deutschland",Volt Deutschland,https://www.youtube.com/watch?v=-x3uUcuvNck,True,2025-01-17T13:56:01Z,Finnland hat unglaubliches geschafft hier wurde die Wohnungslosigkeit fast um die HÃ¤lfte reduziert wÃ¤hrend sie in Deutschland immer weiter ansteigt wie sie das gemacht haben mit klugen Ideen und mit mutiger Politik und wir schauen uns das jetzt mal vor Ort an in Finland pro proving people 7 like IT staff members one part of the SA peaceful resid good to diversity I am at the same level that the residen andbody level people can work here so don't have to go anywh can do that get a little money one of the basic BIC of op wir kÃ¶nnen so viel lernen von Finnland Bildung als SchlÃ¼ssel fÃ¼r Chancen und fÃ¼r Zusammenhalt in der Gesellschaft wohnen als Grundrecht eines jeden Menschen wir haben die LÃ¶sung gesehen es gibt sie und wir mÃ¼ssen jetzt den Mut haben diese umzusetzen
5,TrKd4Jurots,"Was macht Helsinki einzigartig fÃ¼r Bildung, Zusammenhalt & soziale Gerechtigkeit? Europareise Tag#03","Was macht die Oodi-Bibliothek in Helsinki so einzigartig in Bezug auf gesellschaftlichen Zusammenhalt, Bildung und soziale Gerechtigkeit? ğŸ’œğŸ‡«ğŸ‡® 
Die Oodi-Bibliothek beeindruckt durch ihr modernes Design und innovative Technologie ğŸ“šâœ¨. 
Sie verbindet Innen- und AuÃŸenrÃ¤ume harmonisch ğŸ›ï¸ und fungiert als lebendiger Treffpunkt fÃ¼r die Gemeinschaft ğŸ‘¥. RegelmÃ¤ÃŸige soziale Events, wie Schachturniere fÃ¼r Senior*innen ğŸ‘´ğŸ‘µ, fÃ¶rdern den Austausch zwischen Generationen und machen die Bibliothek zu einem Ort des sozialen Miteinanders ğŸ¤. Oodi ist ein kulturelles Zentrum, das Menschen zusammenbringt und Innovationen fÃ¶rdert ğŸ‰.
Besonders bemerkenswert sind die Mini-Roboter, die BÃ¼cher transportieren. Diese autonomen Helfer erleichtern die Logistik und bieten einen faszinierenden Einblick in die Zukunft der Bibliotheksdienste ğŸ¤–ğŸšš. Besucher kÃ¶nnen beobachten, wie Technologie das Bibliothekserlebnis bereichert ğŸŒ.
Volt setzt sich fÃ¼r soziale LÃ¶sungen in Deutschland ein, inspiriert vom Konzept der Oodi-Bibliothek. Am 23. Februar - Vote Volt! ğŸ’œ

Erfahre mehr unter: https://voltdeutschland.org/
UnterstÃ¼tze unsere Bewegung: https://voltdeutschland.org/spenden
Mach mit: https://voltdeutschland.org/mitmachen-gegen-rechts

Volt Deutschland // Volt Europa
Holen wir uns die Zukunft zurÃ¼ck!
#VoltDeutschland #MARAL #BTW25 #WiroholenunsdieZukunftzurÃ¼ck
#Bundestagswahl #Bundestagswahl2025 

Folg uns auf den Socials:
Instagram: https://www.instagram.com/VoltDeutschland
TikTok: https://www.tiktok.com/@voltdeutschland
Facebook: https://www.facebook.com/VoltDeutschland
X (Twitter): https://twitter.com/VoltDeutschland
LinkedIn: https://www.linkedin.com/company/volt-deutschland",Volt Deutschland,https://www.youtube.com/watch?v=TrKd4Jurots,True,2025-01-15T15:09:53Z,hallo aus Finnland aus Helsinki von unserer Europareise auf der wir euch die Best Practices einsammeln damit ihr sie am 23 Februar dann in den Bundestag wÃ¤hlen kÃ¶nnt wir sind gestern Abend in Stockholm auf die ferie gestiegen und heute morgen um 7: Uhr in Helsinki von der fre runter das heiÃŸt wir haben da Ã¼bernachtet es war noch dunkel als wir angekommen sind weil in Nordeuropa geht die Sonne ein bisschen spÃ¤ter auf wir stehen hier vor der Odi Bibliothek in Helsinki in Finnland und was diese Bibliothek ausmacht ist dass es keine normale Bibliothek ist sondern dass es das verkÃ¶rpert wofÃ¼r Finnland und Helsinki so bekannt sind und zwar die MÃ¶glichkeit Bildung und Chancengleichheit fÃ¼r alle bereitzustellen und das schauen wir uns jetzt mal vor Ort an wenn man hier in die Bibliothek reinkommt dann merkt man schon das ist keine normale Bibliothek hier kommen Menschen zusammen wir haben Menschen gesehen die an der NÃ¤hmaschine gearbeitet haben Menschen die sich Instrumente ausgeliehen haben man kann zocken Playstation Xbox Nintendo es gibt ein 3 ddrucker an dem kann man sich was drucken ein Mann hat sich einen Ersatzteil fÃ¼r seine SpÃ¼lmaschine zu Hause gedruckt wir haben einen Roboter gesehen der hier autonom rumfÃ¤hrt und BÃ¼cher dahin bringt wo sie einsortiert werden mÃ¼ssen der kam eben mit dem Aufzug selbstÃ¤ndig hochgefahren man kann schachpielen oder auch einfach nur hier sitzen und nicht alleine zu Hause sein gerade fÃ¼r Ã¤ltere Menschen ist das eine richtig schÃ¶ne Gelegenheit unter Menschen zu sein und sich wirklich zu Hause und wohl zu fÃ¼hlen wir kÃ¶nnen so viel lernen von Finnland Bildung als SchlÃ¼ssel fÃ¼r Zusammenhalt und fÃ¼r Chancengleichheit was meint ihr wie kÃ¶nnen wir das in Deutschland umsetzen
6,JPXO4-y2zRE,Was macht Stockholm zu einem Vorreiter in nachhaltiger Stadtplanung? Europareise Tag #02,"Tag 2 der Best Practice Europareise von Maral! ğŸ‡ªğŸ‡º Nach unserem ersten aufregenden Halt haben wir uns nun in der wunderschÃ¶nen Hauptstadt Schwedens ğŸ‡¸ğŸ‡ª â€“ Stockholm  â€“ niedergelassen! ğŸ’ªğŸ’œ 
Stockholm ist Vorreiterin in partizipativer Stadtplanung. Hier wurde Maral das Konzept der 5-Minuten Stadt erklÃ¤rt. Dieses Konzept ist entscheidend, um allen BÃ¼rger*innen einen unkomplizierten Zugang zum Stadtgeschehen zu ermÃ¶glichen und durch ein gemeinsames Miteinander neue Chancen zu schaffen. Der Fokus liegt hier auf den sozialen Aspekten und Nachhaltigkeit. ğŸ‡¸ğŸ‡ª
AuÃŸerdem hat Maral noch den BÃ¼rgermeister von Stockholm @anders_osterberg164 getroffen, der uns viele Einblicke in die Stadtgestaltung gegeben und gezeigt hat, wie sich etwa Brennpunkt Viertel in soziale BegegnungsrÃ¤ume transformieren lassen.
Maral nutzt diese Gelegenheit, um Ideen und innovative AnsÃ¤tze aus Schweden zu sammeln, die wir direkt in den Bundestag einbringen wollen. ğŸš€ğŸ’«
#VoltDeutschland #MARAL #btw25
#holenwirunsdiezukunftzurÃ¼ck #voltdeutschland
#Bundestagswahl #Bundestagswahl2025 #BTW25 #Maral
Erfahre mehr unter: https://voltdeutschland.org/
UnterstÃ¼tze unsere Bewegung: https://voltdeutschland.org/spenden
Mach mit: https://voltdeutschland.org/mitmachen-gegen-rechts

Volt Deutschland // Volt Europa
Holen wir uns die Zukunft zurÃ¼ck!
#VoltDeutschland #MARAL #BTW25 #WiroholenunsdieZukunftzurÃ¼ck
#Bundestagswahl #Bundestagswahl2025 

Folg uns auf den Socials:
Instagram: https://www.instagram.com/VoltDeutschland
TikTok: https://www.tiktok.com/@voltdeutschland
Facebook: https://www.facebook.com/VoltDeutschland
X (Twitter): https://twitter.com/VoltDeutschland
LinkedIn: https://www.linkedin.com/company/volt-deutschland",Volt Deutschland,https://www.youtube.com/watch?v=JPXO4-y2zRE,True,2025-01-09T16:00:26Z,warum ist Stadtplanung in Deutschland immer so einseitig Schweden zeigt wie es viel inklusiver und nachhaltig geht hallo aus Stockholm von Tag 2 unserer Europareise auf der wir euch die Best Practices aus ganz Europa mit nach Deutschland bringen damit ihr sie am 23 februar in den Bundestag wÃ¤hlen kÃ¶nnt [Musik] [Musik] wir sind hier am Royal Seaport und wie der Name schon sagt ist das das ehemalige HafengelÃ¤nde und hier soll bis 2030 ein nachhaltiges Quartier entstehen hier werden die Schwerpunkte auf soziales Ã¶kologisches und wirtschaftliches gesetetzt und gleichzeitig schaut man immer was bedeutet das ein inklusives Stadtgebiet zu planen es gibt ein smartes System wie sturmwasser also Extremwetterereignisse und damit auch extrem wasserereignisse abgefangen wird und damit beispielsweise BÃ¤ume bewÃ¤ssert werden s dass sie hier nicht gefÃ¤llt werden mÃ¼ssen das war sogar so dass wir ein unterirdisches baumsystem gesehen haben wir stehen hier vor einem Best Practice aus diesem Viertel und zwar einem social community center das ist zum einen ein ganz normaler Kindergarten in dem auch eine Betreuung gewÃ¤hrleistet ist aber auch gleichzeitig ist es eine MÃ¶glichkeit fÃ¼r BÃ¼rgerinnen und BÃ¼rger hier zusammenzukommen und diese Idee ist entstanden aus einer BÃ¼rgerInnenbeteiligung die hier in diesem Viertel durchgefÃ¼hrt wurde das heiÃŸt das war was was sich die Menschen hier in diesem Viertel gewÃ¼nscht en und es wurde umgesetzt weiter ging es fÃ¼r uns heute hier im Rathaus in Stockholm es ist super schÃ¶n hier gemeinsam mit dem Stockholmer BÃ¼rgermeister konnten wir darÃ¼ber sprechen wie ein Viertel hier in Stockholm das vorher brennpunktviertel war jetzt zu einem ptel geworden ist wo sich Menschen sicherer fÃ¼hlen und das beeindruckend fand ich dabei den Ansatz dass man gemeinsam mit den BÃ¼rgerinnen und BÃ¼rgern die direkt im Quartier sind arbeitet das heiÃŸt man ist stÃ¤ndig im Austausch so kÃ¶nnen Ideen gereicht werden was sind unsere BedÃ¼rfnisse als BÃ¼rgerin oder BÃ¼rger um uns sicherer und wohler zu fÃ¼hlen in unserem Quartier und was wÃ¼nschen wir uns vielleicht was heute die WÃ¼nsche und BedÃ¼rfnisse von BÃ¼rgerinnen und BÃ¼rgern sind und gerade von denjenigen die vielleicht in weniger wohlhabenden Gegenden wohnen das sind Dinge die wir immer mit berÃ¼cksichtigen mÃ¼ssen weil nur so fÃ¼hlen sich Menschen auch gesehen und abgeholt Stockholm hat's geschafft das ist eine richtig krass lebenswerte Stadt wunderschÃ¶n und vor allem haben sich hier alle darauf geeinigt dass Klimaschutz Ziel Nummer eins ist ich glaube dass wir gerade in Deutschland noch total viel davon lernen kÃ¶nnen wie soziale Gerechtigkeit und Klimaschutz gemeinsam in der Stadt umgesetzt werden kÃ¶nnen
7,Mf3eslSl1LA,Wie passt sich Kopenhagen an den Klimawandel an? Europareise Tag #01,"Auf gehtâ€™s nach Kopenhagen! ğŸ’œğŸ‡©ğŸ‡° 
Maral ist in der dÃ¤nischen Hauptstadt unterwegs, um sich LÃ¶sungen fÃ¼r die Klimaanpassung anzuschauen. Kopenhagen beeindruckt mit Innovation fÃ¼r den Klimaschutz: Parks, die Regenwasser speichern, eine Stadtplanung, die sich an den Klimawandel anpasst und eine MÃ¼llverbrennungsanlage mit Skipiste.ğŸŒ³ğŸ¿â™»ï¸
Unser Ziel: BewÃ¤hrte LÃ¶sungen und Ideen sammeln, die auch Deutschland voranbringen â€“ fÃ¼r einen echten Wandel im Bundestag! 
âœ¨ Begleitet uns auf dieser Reise: Jeden Tag teilen wir EindrÃ¼cke, Erkenntnisse und spannende AnsÃ¤tze aus ganz Europa.
ğŸ“Next stop: Stockholm 
#VoltDeutschland #MARAL #btw25 #wirholenunsdiezukunftzurÃ¼ck #voltdeutschland
#Bundestagswahl #Bundestagswahl2025 

Erfahre mehr unter: https://voltdeutschland.org/
UnterstÃ¼tze unsere Bewegung: https://voltdeutschland.org/spenden
Mach mit: https://voltdeutschland.org/mitmachen-gegen-rechts

Volt Deutschland // Volt Europa
Holen wir uns die Zukunft zurÃ¼ck!
#VoltDeutschland #MARAL #BTW25 #WiroholenunsdieZukunftzurÃ¼ck
#Bundestagswahl #Bundestagswahl2025 

Folg uns auf den Socials:
Instagram: https://www.instagram.com/VoltDeutschland
TikTok: https://www.tiktok.com/@voltdeutschland
Facebook: https://www.facebook.com/VoltDeutschland
X (Twitter): https://twitter.com/VoltDeutschland
LinkedIn: https://www.linkedin.com/company/volt-deutschland",Volt Deutschland,https://www.youtube.com/watch?v=Mf3eslSl1LA,True,2025-01-07T18:00:12Z,hi Leute ich bin Maral und wir sind unterwegs auf Tag 1 unser Reise auf der wir die besten LÃ¶sungen aus ganz Europa einsammeln und mit nach Deutschland nehmen bei uns ging es heute morgen um 6 Uhr im Dunkeln los wir sind in Berlin gestartet sind dann mit dem E-Auto bis nach Rostock gefahren und sind jetzt hier auf die ferie und mit der fahren wir er bis nach Kopenhagen und von da geht's weiter [Musik] wir sind hier im enghavenpark in Kopenhagen angekommen und was erstmal aussieht wie ein normaler Park ist ein krasser gamechanger fÃ¼r Kopenhagen hier drunter befindet sich nÃ¤mlich ein Auffangbecken in dem Kopenhagen das Regenwasser speichert und so die Stadt vor Ãœberschwemmung schÃ¼tzt eigentlich eine ganz gute LÃ¶sung die wir so auch mit nach Deutschland nehmen kÃ¶nnten hi hice so welome welcomeopenen nature Studio magicen cans of Exem Rain here in Copenhagen so it has very extreme climate capacity for 23000 cubic meters of water which is unparalleled in European context and at the same time also a public park with a lot of like livable and lovable parameters for like all the residents around in the area what would you theg ches par toenhen from being like a really a wonderfully generous and public place because of all the investments and changes and all the renewal of the park it also secures like like a very very large patch of Copenhagen where we will see lesser floodings lesser damages by extreme water we see like a like a a lot of resource kind of like gain of reusing water biodiversity etc so there a lot of socio economic but also a lot of safety built into this park the only loss you can change of of everything el must ched and if you look at the numbers if you look at the solutions i mean business as usual simply no business so und hier sieht man jetzt auch noch mal wie das Ganze dann auch wirklich aussieht hier an den Stufen sieht man das Wasser flieÃŸt hier runter das wird ein Wasserbecken und wenn es kein Wasserbecken ist kann man es natÃ¼rlich auch zu anderen Dingen nutzen wie zum FuÃŸball spielen und ich finde das ist eine LÃ¶sung die wir so auch in Deutschland umsetzen kÃ¶nnten stell dir mal vor deinen MÃ¼ll lÃ¤sst dich Skifahren klingt komisch ist aber so wir sind hier auf dem kopen hill in Kopenhagen das ist eine MÃ¼llverbrennungsanlage auf der man auch Skifahren kann wie erzeugt man aus MÃ¼ll Energie der nicht recyclebare MÃ¼ll wird hier verbrannt und aus der Hitze die dabei entsteht werden Turbinen angetrieben und diese Turbinen erzeugen dann den Strom der Rest der WÃ¤rme die hier entsteht wird auch fÃ¼r FernwÃ¤rme genutzt das heiÃŸt Haushalte hier in Kopenhagen bekommen dadurch warmes Wasser und wenn ihr euch fragt was das hier fÃ¼r Abgase hinter mir sind das ist komplett gesÃ¤uberte Abluft aus der mÃ¼l Verbrennung die vorher noch mal einige Filter durchlÃ¤uft hier auf dem copenhill gibt es auÃŸerdem neben der Skianlage auch noch eine Kletterwand oder man kann hier wandern gehen bzw laufen hier auch die ganze Zeit auch um die zeit noch Jogger an uns vorbei mit dem MÃ¼ll der hier verbrannt wird kriegen 30.000 Haushalte in Kopenhagen Strom und 72 000 Haushalte bekommen damit noch FernwÃ¤rme geliefert im Hintergrund seht ihr die Skianlage die hier auf dem Berg gebaut wurde und da frage ich mich warum kÃ¶nnen wir in Deutschland nicht genauso sauber und kreativ mit unserem MÃ¼ll umgehen [Musik]
8,DQ3wQAyb3D0,NÃ¤chster Halt - Paris ğŸ‡«ğŸ‡·    Europareise Tag#07 Paris,"Europareise: NÃ¤chster Halt - Paris! ğŸ‡«ğŸ‡· Stellt euch vor: Weniger Autos, kein LÃ¤rm und mehr Platz fÃ¼r uns Menschen. Paris macht das mÃ¶glich! Mit dem Konzept der 15-Minuten-Stadt hat die franzÃ¶sische Hauptstadt einen mutigen Schritt in Richtung nachhaltiger UrbanitÃ¤t unternommen. In dieser visionÃ¤ren Stadtplanung leben die Menschen in einer Umgebung, in der sie alle wichtigen Dienstleistungen â€“ von SupermÃ¤rkten Ã¼ber Schulen bis hin zu Parks ğŸŒ³ â€“ innerhalb von nur 15 Minuten zu FuÃŸ oder mit dem Fahrrad erreichen kÃ¶nnen. Dieses 15-Minuten-Konzept ist nicht nur praktisch, sondern trÃ¤gt auch zur COâ‚‚-Reduktion bei.

Paris hat sich von einer der StauhauptstÃ¤dte Europas in eine Vorzeige-Fahrradstadt verwandelt. ğŸš² Derzeit gibt es Ã¼ber 4000 km Radwege in Paris, und bis 2030 sollen es sogar 6000 km werden! In unserem GesprÃ¤ch mit Olivier Richard von @atelierparisienurbanisme haben wir mehr Ã¼ber die HintergrÃ¼nde und Herausforderungen dieser Transformation erfahren. ğŸ’œ Die Kombination aus Klimaschutz und LebensqualitÃ¤t wird hier deutlich: Durch die Reduzierung des motorisierten Verkehrs trÃ¤gt Paris aktiv zur Verbesserung des Stadtklimas bei und fÃ¶rdert gleichzeitig ein gesundes, aktives Leben fÃ¼r seine Bewohner*innen.

Das 15-Minuten-Stadt-Konzept ist damit nicht nur eine reaktive MaÃŸnahme gegen die drÃ¤ngenden Probleme des urbanen Verkehrs, sondern ein proaktiver Ansatz, der eine lebenswerte, nachhaltige Stadt fÃ¼r zukÃ¼nftige Generationen schafft. ParkplÃ¤tze werden zudem in GrÃ¼nflÃ¤chen umgebaut, was die LebensqualitÃ¤t weiter erhÃ¶ht. Die BekÃ¤mpfung der Klimakrise und soziale Gerechtigkeit sind hierbei absolute PrioritÃ¤ten. 

Paris zeigt uns, wie StÃ¤dte in der Zukunft aussehen kÃ¶nnen â€“ und motiviert andere Metropolen ğŸŒ, diesem inspirierenden Beispiel zu folgen. Lasst uns gemeinsam fÃ¼r eine bessere stÃ¤dtische Zukunft einsetzen! Volt arbeitet auf europÃ¤ischer Ebene auch eng mit den franzÃ¶sischen Mitglieder zusammen, um diese Vision zu verwirklichen.
âœŠâœ¨ Am 23. Februar - Volt wÃ¤hlen! ğŸ’œ

#VoltDeutschland #MARAL #btw25
#wirholenunsdiezukunftzurÃ¼ck #voltdeutschland

Erfahre mehr unter: https://voltdeutschland.org/
UnterstÃ¼tze unsere Bewegung: https://voltdeutschland.org/spenden
Mach mit: https://voltdeutschland.org/mitmachen-gegen-rechts

Volt Deutschland // Volt Europa
Holen wir uns die Zukunft zurÃ¼ck!
#VoltDeutschland #MARAL #BTW25 #WiroholenunsdieZukunftzurÃ¼ck
#Bundestagswahl #Bundestagswahl2025 

Folg uns auf den Socials:
Instagram: https://www.instagram.com/VoltDeutschland
TikTok: https://www.tiktok.com/@voltdeutschland
Facebook: https://www.facebook.com/VoltDeutschland
X (Twitter): https://twitter.com/VoltDeutschland
LinkedIn: https://www.linkedin.com/company/volt-deutschland",Volt Deutschland,https://www.youtube.com/watch?v=DQ3wQAyb3D0,True,2025-01-30T14:25:09Z,von der stauuhauptstadt zur vorzeige Fahrradstadt hallo aus Paris willkommen bei Tag 7 unser Europareise bei der wir die besten Ideen aus ganz Europa mit nach Deutschland bringen damit ihr sie dann am 23 februar in den Bundestag wÃ¤hlen kÃ¶nnt hallo Maral hallo li GrÃ¼ÃŸe aus Paris was wÃ¤re wenn alles was du brauchst nur 15 Minuten zu FuÃŸ oder mit dem Fahrrad von dir entfernt wÃ¤re willkommen in der 15 Minuten Stadt die Idee eine Stadt in der Bildung Freizeit Arbeit und Einkaufen schnell erreichbar sind das ist inklusiv nachhaltig und vor allem lebenswert Paris hat diese Vision zur RealitÃ¤t gemacht mit dem Ziel weniger CO2 weniger Verkehr und dafÃ¼r mehr Gemeinschaft und mehr LebensqualitÃ¤t ein Beispiel Ã¼ber 4000 km Radwege ziehen jetzt schon durch Paris und bis 2030 sollen es sogar 6000 km werden so wird Paris schon heute von der Auto zur Fahrradstadt die Stadt hat in wenigen Jahren ihren Autoverkehr massiv reduziert 70% mehr Fahrradverkehr und 250 Millionen Euro fÃ¼r neue Radwege die HÃ¤lfte der ParkplÃ¤tze wurde in GrÃ¼nflÃ¤chen und in sichere Radwege verwandelt aber es geht nicht nur um MobilitÃ¤t SchulhÃ¶fe wurden in grÃ¼ne BegegnungsrÃ¤ume transformiert und ganze StraÃŸen begrÃ¼nt die 15 Minuten Stadt macht Paris nicht nur nachhaltiger sondern auch menschlicher und lebenswerter natÃ¼rlich gab es auch Kritik von autofahrenden und von konservativen aber mit Mut und politischenem Willen zeigt Paris dass VerÃ¤nderung mÃ¶glich ist und wie Paris diese Transformation geschafft hat haben uns zwei Pariser stÃ¤dtebauexperten erklÃ¤rt minut C ci ing together integrating also challenges like adapting city to the climate changesal issues that we all facing the challenges what it need strong political Paris zeigt uns wie es geht und jetzt sind wir dran weniger Verkehr und mehr Raum fÃ¼r Begegnung und Natur das ist auch unsere Zukunft diese Stadt zeigt dass Klimaschutz und LebensqualitÃ¤t Hand in Hand gehen Deutschland bist du bereit fÃ¼r diese Transformation
