video_id,title,creation_date,description,author,source
1ZAXROaI4a4,SPD-Wahlprogramm (DGS) ‚Äì Einf√ºhrung | Video 1/4,2025-01-28T16:14:21Z,"Am 23. Februar findet die vorgezogene Bundestagswahl statt. Es geht um viel bei dieser Wahl. Wir sagen Dir klar und konkret, was f√ºr Dich drin ist. Wie wir Dein Leben verbessern wollen. Keine Kalenderspr√ºche. Keine ideologischen Scheindebatten. Die SPD macht Politik f√ºr viele, aus der Mitte, f√ºr die Mitte.

Unser Wahlprogramm ‚Äì jetzt auch in Deutscher Geb√§rdensprache (DGS)!
In vier Videos erkl√§ren wir unser Programm f√ºr ein starkes Deutschland, das zusammenh√§lt.

üìå Dieses Video: Einf√ºhrung in unser Wahlprogramm (Video 1 von 4)

üé• Alle Videos der Playlist hier: https://www.youtube.com/watch?v=1ZAXROaI4a4&list=PL85IMmq0WVlQWCtmRav5zS7laIlSBxvil

#Bundestagswahl2025 #SPD #Geb√§rdensprache #Inklusion #Wahlprogramm

‚ñ¨ √úber diesen Kanal ‚ñ¨‚ñ¨‚ñ¨‚ñ¨‚ñ¨‚ñ¨‚ñ¨‚ñ¨‚ñ¨‚ñ¨‚ñ¨‚ñ¨
Die SPD macht Soziale Politik f√ºr Dich. Wie genau, das zeigen wir Dir hier auf YouTube. Mit Videos, die unsere aktuellen Gesetzesvorhaben erkl√§ren. Au√üerdem laden wir regelm√§√üig die besten Reden unserer Spitzenpolitiker*innen hoch.

Jetzt unseren YouTube-Kanal abonnieren: https://www.youtube.com/c/spdde?sub_confirmation=1

‚ñ¨ Mehr von der SPD ‚ñ¨‚ñ¨‚ñ¨‚ñ¨‚ñ¨‚ñ¨‚ñ¨‚ñ¨‚ñ¨‚ñ¨‚ñ¨‚ñ¨
Unser Merchandise: https://shop.spd.de/
Unseren Newsletter abonnieren:  https://www.spd.de/newsletter
Jetzt Mitglied werden: https://www.spd.de/unterstuetzen/mitglied-werden

‚ñ¨ Social Media ‚ñ¨‚ñ¨‚ñ¨‚ñ¨‚ñ¨‚ñ¨‚ñ¨‚ñ¨‚ñ¨‚ñ¨‚ñ¨‚ñ¨
‚ñ∫ Instagram: https://www.instagram.com/spdde/
‚ñ∫ Facebook: https://www.facebook.com/SPD
‚ñ∫ WhatsApp: https://www.spd.de/unterstuetzen/whatsapp
‚ñ∫ Threads: https://www.threads.net/@spdde
‚ñ∫ TikTok: https://www.tiktok.com/@deinespd

#SPD",SPD,https://www.youtube.com/watch?v=1ZAXROaI4a4
5vY1rYXwbe0,SPD-Wahlprogramm (DGS) ‚Äì Mehr Wachstum | Video 2/4,2025-01-28T16:14:21Z,"Wir k√§mpfen daf√ºr, dass die Wirtschaft wieder w√§chst und die Menschen sichere Arbeitspl√§tze haben.

Unser Wahlprogramm ‚Äì jetzt auch in Deutscher Geb√§rdensprache (DGS)!
In vier Videos erkl√§ren wir unser Programm f√ºr ein starkes Deutschland, das zusammenh√§lt.

üìå Dieses Video: Mehr Wachstum (Video 2 von 4)

üé• Alle Videos der Playlist hier: https://www.youtube.com/watch?v=1ZAXROaI4a4&list=PL85IMmq0WVlQWCtmRav5zS7laIlSBxvil

#Bundestagswahl2025 #SPD #Geb√§rdensprache #Inklusion #Wahlprogramm

‚ñ¨ √úber diesen Kanal ‚ñ¨‚ñ¨‚ñ¨‚ñ¨‚ñ¨‚ñ¨‚ñ¨‚ñ¨‚ñ¨‚ñ¨‚ñ¨‚ñ¨
Die SPD macht Soziale Politik f√ºr Dich. Wie genau, das zeigen wir Dir hier auf YouTube. Mit Videos, die unsere aktuellen Gesetzesvorhaben erkl√§ren. Au√üerdem laden wir regelm√§√üig die besten Reden unserer Spitzenpolitiker*innen hoch.

Jetzt unseren YouTube-Kanal abonnieren: https://www.youtube.com/c/spdde?sub_confirmation=1

‚ñ¨ Mehr von der SPD ‚ñ¨‚ñ¨‚ñ¨‚ñ¨‚ñ¨‚ñ¨‚ñ¨‚ñ¨‚ñ¨‚ñ¨‚ñ¨‚ñ¨
Unser Merchandise: https://shop.spd.de/
Unseren Newsletter abonnieren:  https://www.spd.de/newsletter
Jetzt Mitglied werden: https://www.spd.de/unterstuetzen/mitglied-werden

‚ñ¨ Social Media ‚ñ¨‚ñ¨‚ñ¨‚ñ¨‚ñ¨‚ñ¨‚ñ¨‚ñ¨‚ñ¨‚ñ¨‚ñ¨‚ñ¨
‚ñ∫ Instagram: https://www.instagram.com/spdde/
‚ñ∫ Facebook: https://www.facebook.com/SPD
‚ñ∫ WhatsApp: https://www.spd.de/unterstuetzen/whatsapp
‚ñ∫ Threads: https://www.threads.net/@spdde
‚ñ∫ TikTok: https://www.tiktok.com/@deinespd

#SPD",SPD,https://www.youtube.com/watch?v=5vY1rYXwbe0
6omUZ5-yBP0,SPD-Wahlprogramm (DGS) ‚Äì Stabile Renten | Video 4/4,2025-01-28T16:14:21Z,"Gut abgesichert im Alter ‚Äì das ist Respekt vor Lebensleistung. Wir sorgen daf√ºr, dass auch die junge Generation auf eine verl√§ssliche Rente vertrauen kann.
Unser Wahlprogramm ‚Äì jetzt auch in Deutscher Geb√§rdensprache (DGS)!
In vier Videos erkl√§ren wir unser Programm f√ºr ein starkes Deutschland, das zusammenh√§lt.

üìå Dieses Video: Stabile Renten (Video 4 von 4)

üé• Alle Videos der Playlist hier: https://www.youtube.com/watch?v=1ZAXROaI4a4&list=PL85IMmq0WVlQWCtmRav5zS7laIlSBxvil

#Bundestagswahl2025 #SPD #Geb√§rdensprache #Inklusion #Wahlprogramm

‚ñ¨ √úber diesen Kanal ‚ñ¨‚ñ¨‚ñ¨‚ñ¨‚ñ¨‚ñ¨‚ñ¨‚ñ¨‚ñ¨‚ñ¨‚ñ¨‚ñ¨
Die SPD macht Soziale Politik f√ºr Dich. Wie genau, das zeigen wir Dir hier auf YouTube. Mit Videos, die unsere aktuellen Gesetzesvorhaben erkl√§ren. Au√üerdem laden wir regelm√§√üig die besten Reden unserer Spitzenpolitiker*innen hoch.

Jetzt unseren YouTube-Kanal abonnieren: https://www.youtube.com/c/spdde?sub_confirmation=1

‚ñ¨ Mehr von der SPD ‚ñ¨‚ñ¨‚ñ¨‚ñ¨‚ñ¨‚ñ¨‚ñ¨‚ñ¨‚ñ¨‚ñ¨‚ñ¨‚ñ¨
Unser Merchandise: https://shop.spd.de/
Unseren Newsletter abonnieren:  https://www.spd.de/newsletter
Jetzt Mitglied werden: https://www.spd.de/unterstuetzen/mitglied-werden

‚ñ¨ Social Media ‚ñ¨‚ñ¨‚ñ¨‚ñ¨‚ñ¨‚ñ¨‚ñ¨‚ñ¨‚ñ¨‚ñ¨‚ñ¨‚ñ¨
‚ñ∫ Instagram: https://www.instagram.com/spdde/
‚ñ∫ Facebook: https://www.facebook.com/SPD
‚ñ∫ WhatsApp: https://www.spd.de/unterstuetzen/whatsapp
‚ñ∫ Threads: https://www.threads.net/@spdde
‚ñ∫ TikTok: https://www.tiktok.com/@deinespd

#SPD",SPD,https://www.youtube.com/watch?v=6omUZ5-yBP0
UjaOSW8LuQ8,SPD-Wahlprogramm (DGS) ‚Äì Mehr Netto | Video 3/4,2025-01-28T16:14:21Z,"Damit Besch√§ftigte und ihre Familien in Zukunft wieder mehr Sicherheit haben und sich vor allem wieder mehr leisten k√∂nnen, schlagen wir konkrete und wirksame Entlastungen und Verbesserungen vor.
Unser Wahlprogramm ‚Äì jetzt auch in Deutscher Geb√§rdensprache (DGS)!
In vier Videos erkl√§ren wir unser Programm f√ºr ein starkes Deutschland, das zusammenh√§lt.

üìå Dieses Video: Mehr Netto (Video 3 von 4)

üé• Alle Videos der Playlist hier: https://www.youtube.com/watch?v=1ZAXROaI4a4&list=PL85IMmq0WVlQWCtmRav5zS7laIlSBxvil

#Bundestagswahl2025 #SPD #Geb√§rdensprache #Inklusion #Wahlprogramm

‚ñ¨ √úber diesen Kanal ‚ñ¨‚ñ¨‚ñ¨‚ñ¨‚ñ¨‚ñ¨‚ñ¨‚ñ¨‚ñ¨‚ñ¨‚ñ¨‚ñ¨
Die SPD macht Soziale Politik f√ºr Dich. Wie genau, das zeigen wir Dir hier auf YouTube. Mit Videos, die unsere aktuellen Gesetzesvorhaben erkl√§ren. Au√üerdem laden wir regelm√§√üig die besten Reden unserer Spitzenpolitiker*innen hoch.

Jetzt unseren YouTube-Kanal abonnieren: https://www.youtube.com/c/spdde?sub_confirmation=1

‚ñ¨ Mehr von der SPD ‚ñ¨‚ñ¨‚ñ¨‚ñ¨‚ñ¨‚ñ¨‚ñ¨‚ñ¨‚ñ¨‚ñ¨‚ñ¨‚ñ¨
Unser Merchandise: https://shop.spd.de/
Unseren Newsletter abonnieren:  https://www.spd.de/newsletter
Jetzt Mitglied werden: https://www.spd.de/unterstuetzen/mitglied-werden

‚ñ¨ Social Media ‚ñ¨‚ñ¨‚ñ¨‚ñ¨‚ñ¨‚ñ¨‚ñ¨‚ñ¨‚ñ¨‚ñ¨‚ñ¨‚ñ¨
‚ñ∫ Instagram: https://www.instagram.com/spdde/
‚ñ∫ Facebook: https://www.facebook.com/SPD
‚ñ∫ WhatsApp: https://www.spd.de/unterstuetzen/whatsapp
‚ñ∫ Threads: https://www.threads.net/@spdde
‚ñ∫ TikTok: https://www.tiktok.com/@deinespd

#SPD",SPD,https://www.youtube.com/watch?v=UjaOSW8LuQ8
yz08wr2UHRg,Mehr f√ºr Dich: Wir senken die Lebensmittelpreise,2025-01-24T10:54:59Z,"‚ñ¨ √úber diesen Kanal ‚ñ¨‚ñ¨‚ñ¨‚ñ¨‚ñ¨‚ñ¨‚ñ¨‚ñ¨‚ñ¨‚ñ¨‚ñ¨‚ñ¨
Die SPD macht Soziale Politik f√ºr Dich. Wie genau, das zeigen wir Dir hier auf YouTube. Mit Videos, die unsere aktuellen Gesetzesvorhaben erkl√§ren. Au√üerdem laden wir regelm√§√üig die besten Reden unserer Spitzenpolitiker*innen hoch.

Jetzt unseren YouTube-Kanal abonnieren: https://www.youtube.com/c/spdde?sub_confirmation=1

‚ñ¨ Mehr von der SPD ‚ñ¨‚ñ¨‚ñ¨‚ñ¨‚ñ¨‚ñ¨‚ñ¨‚ñ¨‚ñ¨‚ñ¨‚ñ¨‚ñ¨
Unser Merchandise: https://shop.spd.de/
Unseren Newsletter abonnieren:  https://www.spd.de/newsletter
Jetzt Mitglied werden: https://www.spd.de/unterstuetzen/mitglied-werden

‚ñ¨ Social Media ‚ñ¨‚ñ¨‚ñ¨‚ñ¨‚ñ¨‚ñ¨‚ñ¨‚ñ¨‚ñ¨‚ñ¨‚ñ¨‚ñ¨
‚ñ∫ Instagram: https://www.instagram.com/spdde/
‚ñ∫ Facebook: https://www.facebook.com/SPD
‚ñ∫ WhatsApp: https://www.spd.de/unterstuetzen/whatsapp
‚ñ∫ Threads: https://www.threads.net/@spdde
‚ñ∫ TikTok: https://www.tiktok.com/@deinespd

#SPD",SPD,https://www.youtube.com/watch?v=yz08wr2UHRg
